{"cameraMode":{"drawMode":0,"name":"Shaded","section":"Shading Mode"},"sceneLighting":true,"audioPlay":false,"sceneViewState":{"m_AlwaysRefresh":false,"showFog":true,"showSkybox":true,"showFlares":true,"showImageEffects":true,"showParticleSystems":true,"showVisualEffectGraphs":true,"m_FxEnabled":true},"in2DMode":false,"pivot":{"x":-11.57259750366211,"y":7.150859832763672,"z":-40.663307189941409},"rotation":{"x":0.04292084649205208,"y":-0.33615678548812868,"z":0.015358046628534794,"w":0.9407200813293457},"size":33.060340881347659,"orthographic":true}